{"cameraMode":{"drawMode":0,"name":"Shaded","section":"Shading Mode"},"sceneLighting":true,"audioPlay":false,"sceneViewState":{"showFog":true,"showMaterialUpdate":true,"showSkybox":true,"showFlares":true,"showImageEffects":true,"showParticleSystems":true},"in2DMode":false,"pivot":{"x":9.220499038696289,"y":2.430748224258423,"z":-12.296158790588379},"rotation":{"x":0.14731337130069734,"y":0.3139502704143524,"z":-0.049376990646123889,"w":0.9366444945335388},"size":6.6922149658203129,"orthographic":true}