{"cameraMode":{"drawMode":0,"name":"Shaded","section":"Shading Mode"},"sceneLighting":true,"audioPlay":false,"sceneViewState":{"showFog":true,"showMaterialUpdate":true,"showSkybox":true,"showFlares":true,"showImageEffects":true,"showParticleSystems":true},"in2DMode":false,"pivot":{"x":5.2130126953125,"y":-1.892258644104004,"z":-20.115215301513673},"rotation":{"x":0.1074792742729187,"y":0.21885204315185548,"z":-0.02424451895058155,"w":0.9695669412612915},"size":32.440406799316409,"orthographic":false}