{"cameraMode":{"drawMode":0,"name":"Shaded","section":"Shading Mode"},"sceneLighting":true,"audioPlay":false,"sceneViewState":{"showFog":true,"showMaterialUpdate":true,"showSkybox":true,"showFlares":true,"showImageEffects":true,"showParticleSystems":true},"in2DMode":false,"pivot":{"x":8.000597953796387,"y":1.597712516784668,"z":-0.583827793598175},"rotation":{"x":-0.031613871455192569,"y":0.9513031840324402,"z":-0.28835153579711916,"w":-0.104295514523983},"size":1.121021032333374,"orthographic":false}