{"cameraMode":{"drawMode":0,"name":"Shaded","section":"Shading Mode"},"sceneLighting":true,"audioPlay":false,"sceneViewState":{"showFog":true,"showMaterialUpdate":true,"showSkybox":true,"showFlares":true,"showImageEffects":true,"showParticleSystems":true},"in2DMode":false,"pivot":{"x":7.315847873687744,"y":0.6433701515197754,"z":-3.4738407135009767},"rotation":{"x":0.34454110264778139,"y":-0.05992880463600159,"z":0.022046051919460298,"w":0.9365994930267334},"size":1.8202238082885743,"orthographic":true}