{"cameraMode":{"drawMode":0,"name":"Shaded","section":"Shading Mode"},"sceneLighting":true,"audioPlay":false,"sceneViewState":{"showFog":true,"showMaterialUpdate":true,"showSkybox":true,"showFlares":true,"showImageEffects":true,"showParticleSystems":true},"in2DMode":false,"pivot":{"x":-3.725290298461914e-9,"y":2.067147970199585,"z":0.0},"rotation":{"x":-0.05527452379465103,"y":-0.9436684250831604,"z":0.20646710693836213,"w":-0.25262653827667239},"size":24.65412712097168,"orthographic":true}