{"cameraMode":{"drawMode":0,"name":"Shaded","section":"Shading Mode"},"sceneLighting":false,"audioPlay":false,"sceneViewState":{"showFog":true,"showMaterialUpdate":true,"showSkybox":false,"showFlares":true,"showImageEffects":true,"showParticleSystems":true},"in2DMode":false,"pivot":{"x":-0.08411836624145508,"y":0.07469373941421509,"z":0.29122620820999148},"rotation":{"x":-0.24091213941574098,"y":0.7384763956069946,"z":-0.3327190577983856,"w":-0.5347086191177368},"size":0.6519684791564941,"orthographic":false}