{"cameraMode":{"drawMode":0,"name":"Shaded","section":"Shading Mode"},"sceneLighting":true,"audioPlay":false,"sceneViewState":{"showFog":true,"showMaterialUpdate":true,"showSkybox":true,"showFlares":true,"showImageEffects":true,"showParticleSystems":true},"in2DMode":false,"pivot":{"x":20.32406234741211,"y":1.1832115650177003,"z":-5.736356258392334},"rotation":{"x":0.35728925466537478,"y":-0.012608405202627182,"z":0.004823731258511543,"w":0.9338981509208679},"size":8.137480735778809,"orthographic":false}